1	光伏逆变器运行中如此多的注意事项，都要记住吗？是的，都要记住	2615	https://mp.weixin.qq.com/s/MDUvJtIvjEJEdoXAIhLTzA
2	光伏电站“老”了，运维要做哪些检测才能避免损失？	1986	https://mp.weixin.qq.com/s/SLurdXeBf1iQ01tRrUey5w
3	光伏电站变压器漏油了，运维处理不好竟然会引发火灾！	2286	https://mp.weixin.qq.com/s/lkAwWCTQpjcal0p4Fdjs8A
4	别让清洗成为“甜蜜的负担”，运维如何做好光伏组件的灰尘管理工作？	2248	https://mp.weixin.qq.com/s/3jOenjGhbHg9LG9vCDX7Xg
5	光伏组件老是低效运行？原因多半是......	2943	https://mp.weixin.qq.com/s/XHajin56Ihcri-XUqiBmYA
6	光伏电站火了。运维如何做好电站的防火工作？	2454	https://mp.weixin.qq.com/s/w2qurSrlkUPsx0jlu-q9kQ
7	十个运维三个摸鱼三个摆烂？！光伏电站运维人员该如何配置？	1997	https://mp.weixin.qq.com/s/0_WgA-pfEwb3gex4VzZ-Mw
8	光伏逆变器常见故障（一）| PV过压、电网过/欠压；漏电流故障的识别和处理	2331	https://mp.weixin.qq.com/s/AwWo_vTVJc5WvZlV_8GGGw
9	SVG罢工了...运维该怎么处理光伏SVG的常见故障？	2471	https://mp.weixin.qq.com/s/XkVwowmhsPaYjW7Q4y85fA
10	光伏组件怎么突然就炸了？	2475	https://mp.weixin.qq.com/s/oEXbefuNYgkahxGEyixqdw
11	光伏电站电缆运行的危险因素可不少	2231	https://mp.weixin.qq.com/s/ZuzZ2hbANwyapzDDgnMw0A
12	那些光伏运维中你忽视的盲点。	2084	https://mp.weixin.qq.com/s/LDT9TYdGPXhrbIfx7sABIQ
13	低效组件如何处理？换新也太费钱了。	2406	https://mp.weixin.qq.com/s/VdR0gooj6x1GYnxC-Ara1A
14	光伏发电量越高，设备故障风险越大？运维：这不反常识吗？	2293	https://mp.weixin.qq.com/s/-yCbjEa62An7SBWY7sooZw
15	光伏组件的“黑匣子”——接线盒那些事	2076	https://mp.weixin.qq.com/s/rntuLBvsOxx1sI_QACx8lA
16	那些光伏运维工作中的“心梗”瞬间	2806	https://mp.weixin.qq.com/s/i6u84Dj5fHbZxuV1xofwuQ
17	光伏电站的防雷怎么做？光接地就够了吗？	2684	https://mp.weixin.qq.com/s/oSAN3YgSkYVsHWTGW-63tw
18	光伏逆变器更换后运维还要做检查，否则容易白换	2087	https://mp.weixin.qq.com/s/iiCSTGmEtGi5f0xvo535sA
19	分布式光伏逆变器发出这些信号，就离炸机不远了！	2135	https://mp.weixin.qq.com/s/jVmqncAwpLDcA-1hgdG9bQ
20	光伏电站组件的巡检都要检什么？运维：很琐碎！	2639	https://mp.weixin.qq.com/s/Z8IlEYFMhdoMCF891On0_w
21	光伏电站线缆的常见故障有哪些？如何处理？	2192	https://mp.weixin.qq.com/s/1b6F-cpONQZaqnhksxQfuA
22	光伏组件衰减的原因有哪些？	2652	https://mp.weixin.qq.com/s/dXbkKckNuMV3PMf-NvhJqg
23	EL检测仪都能检测出光伏组件的哪些隐形故障？	2382	https://mp.weixin.qq.com/s/x-M38Z8sgmcqam0VLYv0Hg
24	光伏逆变器的维护要点	2647	https://mp.weixin.qq.com/s/tITnewwj3PjZ96YUE_WDTQ
25	支架、基础、压块...组件的支撑结构要撑不住了怎么办？	3126	https://mp.weixin.qq.com/s/XgE_SDtrM_BOTn3xVkD0Kw
26	光伏组件边缘的泥带是如何影响你组件的发电量的？	2435	https://mp.weixin.qq.com/s/Y92iwSsK120PSElqB9KyHw
27	光伏电站如何预防绝缘阻抗问题的发生？	1823	https://mp.weixin.qq.com/s/E-u3C9j8IVX7_qdMO6t7Yg
28	光伏电站SVG的常见异常现象该如何处理？	2247	https://mp.weixin.qq.com/s/nsPYFXX2HkIqV3o-o7sAlw
29	光伏电站设备缺陷管理办法（含消缺统计表分类汇总表、管理主要指标表），可下载！	1783	https://mp.weixin.qq.com/s/p-R1e295ocDEjoqyGYqaPw
30	光伏电站气象站为何不可或缺？	3531	https://mp.weixin.qq.com/s/dqzMMZY7ukxRwROGlhSMCw
31	干货｜光伏项目电气设备安装培训课件	0	https://mp.weixin.qq.com/s/aI-SHrTONc-emHbkr_MMmQ
32	光伏运维培训ppt(个人学习)	0	https://mp.weixin.qq.com/s/1s1GFV1ItGWJB8AUJuUwbg
33	光伏电站发电量少的因素有哪些？	2187	https://mp.weixin.qq.com/s/sgwFrN5uY8bXd2P-0iOoIw